score,risk
# =============================================================================
# risk_score/risk_lookup.csv
# SCORE-TO-PROBABILITY LOOKUP TABLE
#
# TODO [RISK LOOKUP]: Populate this table with the integer score → predicted
# probability mapping from your published or pre-trained model.
#
# Each row maps one integer total score to a calibrated predicted probability.
# The pipeline uses this table to convert raw integer scores (sum of component
# points from components.csv) into probability-scale outputs.
#
# COLUMN DEFINITIONS
# ──────────────────
# score
#   Integer total score value (sum of component points for a patient).
#   Range: from the minimum possible score (sum of all negative-point components)
#   to the maximum possible score (sum of all positive-point components).
#   Add a row for every integer value in that range.
#
# risk
#   Predicted probability of the outcome corresponding to that score.
#   Source: the published model's calibration table, logistic regression
#   intercept + coefficient, or a nomogram read-off.
#   Values must be between 0 and 1 (e.g. 0.05 for 5% predicted probability).
#
# HOW TO POPULATE THIS TABLE
# ───────────────────────────
# Option A — Published lookup table:
#   Copy the integer score → probability table directly from the model publication
#   or supplementary materials.
#
# Option B — Logistic regression model:
#   If the published model provides logistic regression coefficients (intercept β₀
#   and score coefficient β₁), compute the probability for each integer score s:
#     risk = 1 / (1 + exp(-(β₀ + β₁ * s)))
#   Generate rows programmatically in R:
#     score <- seq(min_score, max_score)
#     risk  <- 1 / (1 + exp(-(beta_0 + beta_1 * score)))
#     write.csv(data.frame(score, risk), "risk_score/risk_lookup.csv", row.names = FALSE)
#
# Option C — De novo calibration:
#   Leave this file empty (header only) and the pipeline will fall back to a
#   recalibrated logistic regression fit on your validation data. Output metrics
#   will include a recalibrated model column rather than a published lookup column.
#
# EXAMPLE ROWS — replace with values from your model's published lookup table:
# score,risk
# 0,0.030
# 1,0.045
# 2,0.065
# 3,0.090
# 4,0.120
# 5,0.160
# 6,0.200
# 7,0.250
# 8,0.310
# 9,0.370
# 10,0.440
# =============================================================================
