component_id,concept_id,include_descendants,concept_role
# Standard OMOP concept IDs per component (verified against omop_vocab.concept).
# All concept IDs with include_descendants = TRUE use concept_ancestor rollup.
#
# KNOWN GAPS — require clinical/informatics review before final analysis:
#
# optime4h (concept_id = 4159960):
#   Operative time >= 4 hours is derived from the revascularization procedure
#   itself using procedure_occurrence.procedure_end_datetime - procedure_datetime.
#   The scoring pipeline must compute:
#     DATEDIFF(MINUTE, procedure_datetime, procedure_end_datetime) >= 240
#   for any procedure descended from 4159960, rather than a simple concept
#   presence lookup.
#
#   SYNTHEA LIMITATION: Synthea records procedure durations at day granularity
#   only (no clock time). procedure_datetime and procedure_end_datetime share the
#   same date for same-day procedures (duration = 0 min) and differ by exactly
#   1440 min when the procedure spans midnight. optime4h will not produce valid
#   synthetic signal in Synthea-generated data, but the approach is correct for
#   real EHR data where OR start/stop times are recorded.
#
# mFI_high / functional_status — multi-concept OR mapping [vocab query]:
#   The feature is satisfied if ANY of the four concept sets below is documented
#   for the patient (scoring pipeline evaluates all mFI_high rows as OR logic).
#   All four concept_ids and their descendant hierarchies were confirmed safe
#   against omop_vocab on 2026-04-02.
#
#   4086506  Frailty (SNOMED-CT)          — descendants: Frail elderly,
#              Clinical frailty scale, Mild/Moderate/Severe frailty (5 concepts)
#   4159704  Functional independence measure (SNOMED-CT) — no descendants
#   4167605  Barthel index (SNOMED-CT)    — descendants: Modified Barthel,
#              UK Barthel index (2 concepts)
#   4306934  Impaired mobility (SNOMED-CT) — descendants: Bed-ridden,
#              Confined to chair, Impaired bed/wheelchair mobility,
#              Mobile outside with aid, Mobility poor/very poor,
#              Needs walking aid in home, Reduced mobility (9 concepts)
#
#   NOTE: 36712925 (Decline in functional status) was evaluated and excluded —
#   its descendant hierarchy contains 280+ unrelated concepts (syncope,
#   hypoparathyroidism, ovarian failure, etc.).
female,8532,FALSE,
overweight,3025315,FALSE,weight
overweight,3036277,FALSE,height
obese,3025315,FALSE,weight
obese,3036277,FALSE,height
urgnt,4158569,TRUE,
urgnt,4250892,TRUE,
abi_35,40489833,TRUE,
abi_35,46237026,TRUE,
prrevasc_any,4159960,TRUE,
prolong_abx,21603553,TRUE,
# optime4h: DATEDIFF(MINUTE, procedure_datetime, procedure_end_datetime) >= 240
# on any procedure descended from 4159960.
# Synthea generates sub-day procedure timestamps via the module's duration field
# (confirmed: Femoro-popliteal 2-5h, Endarterectomy 1-3h, Aorto-femoral 2-4h,
# Femoro-tibial 2-5h). SQL Server casts Synthea's ISO 8601+Z format correctly.
# Valid synthetic signal is produced after re-running Steps 4 and 5.
optime4h,4159960,TRUE,
mFI_high,201820,TRUE,diabetes
mFI_high,255573,TRUE,copd
mFI_high,316139,TRUE,chf
mFI_high,316866,TRUE,hypertension
mFI_high,4086506,TRUE,functional_status
mFI_high,4159704,FALSE,functional_status
mFI_high,4167605,TRUE,functional_status
mFI_high,4306934,TRUE,functional_status
indicationClaudication,442774,TRUE,
