component_id,component_name,domain,lookback_start_day,lookback_end_day,min_count,points
female,Female sex,observation,-3650,0,1,1
overweight,BMI 25 to <30 (mutually exclusive with obese),measurement,-365,-1,1,1
obese,BMI >=30 (mutually exclusive with overweight),measurement,-365,-1,1,3
urgnt,Urgent case,observation,-30,0,1,1
abi_35,ABI <=0.35,measurement,-365,-1,1,1
prrevasc_any,Prior revascularization (any),procedure,-3650,-1,1,1
prolong_abx,Prolonged antibiotic exposure,drug,-90,-1,1,2
# optime4h: derived from procedure_end_datetime - procedure_datetime >= 240 min
# on revascularization procedures (concept_ancestor 4159960). Standard concept
# presence lookup is insufficient; scoring pipeline must use datetime diff.
# NOTE: Synthea generates day-level procedure timestamps only — no valid synthetic
# signal for this component. Correct for real EHR data with OR start/stop times.
optime4h,Operative time >=4h,procedure,-30,0,1,1
# WARNING: mFI_high functional_status component (concept_id 4215267) is unmapped.
# See component_concepts.csv for options. Treat mFI_high scores with caution until resolved.
mFI_high,High modified frailty index,observation,-365,-1,1,1
indicationClaudication,Indication: claudication,condition,-365,-1,1,-1
